<?xml version="1.0" encoding="UTF-8" ?>
<XMLDB PATH="lib/db" VERSION="20060926" COMMENT="XMLDB file for Internal Artefact Mahara tables"
    xmlns:xsi="http://www.w3.org/2001/XMLSchema-instance"
    xsi:noNamespaceSchemaLocation="../../../lib/xmldb/xmldb.xsd"
>
<TABLES>
    <TABLE NAME="artefact_internal_profile_email">
        <FIELDS>
            <FIELD NAME="owner" TYPE="int" LENGTH="10" NOTNULL="true"/>
            <FIELD NAME="email" TYPE="char" LENGTH="255" NOTNULL="true"/>
            <FIELD NAME="verified" TYPE="int" LENGTH="1" NOTNULL="true" DEFAULT="0"/>
            <FIELD NAME="principal" TYPE="int" LENGTH="1" NOTNULL="true" DEFAULT="0"/>
            <FIELD NAME="artefact" TYPE="int" LENGTH="10" NOTNULL="false"/>
            <FIELD NAME="key" TYPE="char" LENGTH="16" NOTNULL="false"/>
            <FIELD NAME="expiry" TYPE="datetime" NOTNULL="false"/>
            <FIELD NAME="mailssent" TYPE="int" LENGTH="2" NOTNULL="true" DEFAULT="0"/>
            <FIELD NAME="mailsbounced" TYPE="int" LENGTH="2" NOTNULL="true" DEFAULT="0"/>
        </FIELDS>
        <KEYS>
            <KEY NAME="primary" TYPE="primary" FIELDS="owner,email"/>
            <KEY NAME="ownerfk" TYPE="foreign" FIELDS="owner" REFTABLE="usr" REFFIELDS="id"/>
            <KEY NAME="artefactfk" TYPE="foreign" FIELDS="artefact" REFTABLE="artefact" REFFIELDS="id"/>
        </KEYS>
    </TABLE>
</TABLES>
</XMLDB>
