<?xm version="1.0" encoding="UTF-8" ?>
<filetypes>
    <!-- Text based formats -->
    <filetype>
        <description>txt</description>
        <mimetypes>
            <mimetype>text/plain</mimetype>
        </mimetypes>
    </filetype>
    <filetype>
        <description>html</description>
        <mimetypes>
            <mimetype>text/html</mimetype>
        </mimetypes>
    </filetype>
    <filetype>
        <description>xml</description>
        <mimetypes>
            <mimetype>text/xml</mimetype>
        </mimetypes>
    </filetype>
    <filetype>
        <description>js</description>
        <mimetypes>
            <mimetype>application/x-javascript</mimetype>
        </mimetypes>
    </filetype>
    <filetype>
        <description>rtf</description>
        <mimetypes>
            <mimetype>text/rtf</mimetype>
        </mimetypes>
    </filetype>
    <filetype>
        <description>sh</description>
        <mimetypes>
            <mimetype>application/x-sh</mimetype>
        </mimetypes>
    </filetype>

    <!-- Archive/compression formats -->
    <filetype>
        <description>zip</description>
        <mimetypes>
            <mimetype>application/zip</mimetype>
            <mimetype>application/x-zip</mimetype>
            <mimetype>application/zip-compressed</mimetype>
            <mimetype>application/x-zip-compressed</mimetype>
        </mimetypes>
    </filetype>
    <filetype>
        <description>tar</description>
        <mimetypes>
            <mimetype>application/x-tar</mimetype>
            <mimetype>application/x-gtar</mimetype>
        </mimetypes>
    </filetype>
    <filetype>
        <description>gz</description>
        <mimetypes>
            <mimetype>application/g-zip</mimetype>
            <mimetype>application/x-gzip</mimetype>
            <mimetype>application/gzip</mimetype>
            <mimetype>application/gzip-compressed</mimetype>
            <mimetype>application/gzipped</mimetype>
            <mimetype>application/gunzip</mimetype>
            <mimetype>application/x-gunzip</mimetype>
        </mimetypes>
    </filetype>
    <filetype>
        <description>tgz</description>
        <mimetypes>
            <mimetype>application/x-compressed-tar</mimetype>
            <mimetype>application/x-tgz</mimetype>
        </mimetypes>
    </filetype>
    <filetype>
        <description>bz2</description>
        <mimetypes>
            <mimetype>application/x-bzip2</mimetype>
            <mimetype>application/x-bzip</mimetype>
            <mimetype>application/bzip2</mimetype>
            <mimetype>application/x-bz2</mimetype>
        </mimetypes>
    </filetype>
    <filetype>
        <description>tbz</description>
        <mimetypes>
            <mimetype>application/x-bzip-compressed-tar</mimetype>
        </mimetypes>
    </filetype>

    <!-- Image formats -->
    <filetype>
        <description>jpeg</description>
        <mimetypes>
            <mimetype>image/jpeg</mimetype>
        </mimetypes>
    </filetype>
    <filetype>
        <description>gif</description>
        <mimetypes>
            <mimetype>image/gif</mimetype>
        </mimetypes>
    </filetype>
    <filetype>
        <description>png</description>
        <mimetypes>
            <mimetype>image/png</mimetype>
        </mimetypes>
    </filetype>
    <filetype>
        <description>bmp</description>
        <mimetypes>
            <mimetype>image/bmp</mimetype>
            <mimetype>image/x-bmp</mimetype>
            <mimetype>image/ms-bmp</mimetype>
            <mimetype>image/x-ms-bmp</mimetype>
        </mimetypes>
    </filetype>

    <!-- Movie formats -->
    <filetype>
        <description>asf</description>
        <mimetypes>
            <mimetype>video/x-ms-asf</mimetype>
        </mimetypes>
    </filetype>
    <filetype>
        <description>avi</description>
        <mimetypes>
            <mimetype>video/x-msvideo</mimetype>
        </mimetypes>
    </filetype>
    <filetype>
        <description>quicktime</description>
        <mimetypes>
            <mimetype>video/quicktime</mimetype>
        </mimetypes>
    </filetype>
    <filetype>
        <description>sgi_movie</description>
        <mimetypes>
            <mimetype>video/x-sgi-movie</mimetype>
        </mimetypes>
    </filetype>
    <filetype>
        <description>m3u</description>
        <mimetypes>
            <mimetype>audio/x-mpegurl</mimetype>
        </mimetypes>
    </filetype>
    <filetype>
        <description>mpeg</description>
        <mimetypes>
            <mimetype>video/mpeg</mimetype>
        </mimetypes>
    </filetype>
    <filetype>
        <description>mp4</description>
        <mimetypes>
            <mimetype>video/mp4</mimetype>
        </mimetypes>
    </filetype>
    <filetype>
        <description>m4a</description>
        <mimetypes>
            <mimetype>audio/mp4</mimetype>
        </mimetypes>
    </filetype>
    <filetype>
        <description>m4p</description>
        <mimetypes>
            <mimetype>audio/mp4</mimetype>
        </mimetypes>
    </filetype>
    <filetype>
        <description>m4b</description>
        <mimetypes>
            <mimetype>audio/mp4</mimetype>
        </mimetypes>
    </filetype>
    <filetype>
        <description>m4r</description>
        <mimetypes>
            <mimetype>audio/mp4</mimetype>
        </mimetypes>
    </filetype>
    <filetype>
        <description>m4v</description>
        <mimetypes>
            <mimetype>video/mp4</mimetype>
        </mimetypes>
    </filetype>
    <filetype>
        <description>wm</description>
        <mimetypes>
            <mimetype>video/x-ms-wm</mimetype>
        </mimetypes>
    </filetype>
    <filetype>
        <description>wmv</description>
        <mimetypes>
            <mimetype>video/x-ms-wmv</mimetype>
        </mimetypes>
    </filetype>
    <filetype>
        <description>swf</description>
        <mimetypes>
            <mimetype>application/x-shockwave-flash</mimetype>
        </mimetypes>
    </filetype>
    <filetype>
        <description>flv</description>
        <mimetypes>
            <mimetype>application/x-flash-video</mimetype>
            <mimetype>video/flv</mimetype>
            <mimetype>video/x-flv</mimetype>
        </mimetypes>
    </filetype>

    <!-- Audio types -->
    <filetype>
        <description>aiff</description>
        <mimetypes>
            <mimetype>audio/x-aiff</mimetype>
        </mimetypes>
    </filetype>
    <filetype>
        <description>au</description>
        <mimetypes>
            <mimetype>audio/au</mimetype>
        </mimetypes>
    </filetype>
    <filetype>
        <description>dss</description>
        <mimetypes>
            <mimetype>video/unknown</mimetype>
        </mimetypes>
    </filetype>
    <filetype>
        <description>mp3</description>
        <mimetypes>
            <mimetype>audio/mp3</mimetype>
            <mimetype>audio/mpeg</mimetype>
        </mimetypes>
    </filetype>
    <filetype>
        <description>ra</description>
        <mimetypes>
            <mimetype>audio/x-realaudio</mimetype>
            <mimetype>audio/x-pn-realaudio</mimetype>
        </mimetypes>
    </filetype>
    <filetype>
        <description>wav</description>
        <mimetypes>
            <mimetype>audio/wav</mimetype>
        </mimetypes>
    </filetype>

    <!-- Office document/presentation formats -->
    <filetype>
        <description>odt</description>
        <mimetypes>
            <mimetype>application/vnd.oasis.opendocument.text</mimetype>
        </mimetypes>
    </filetype>
    <filetype>
        <description>ott</description>
        <mimetypes>
            <mimetype>application/vnd.oasis.opendocument.text-template</mimetype>
        </mimetypes>
    </filetype>
    <filetype>
        <description>oth</description>
        <mimetypes>
            <mimetype>application/vnd.oasis.opendocument.text-web</mimetype>
        </mimetypes>
    </filetype>
    <filetype>
        <description>odm</description>
        <mimetypes>
            <mimetype>application/vnd.oasis.opendocument.text-master</mimetype>
        </mimetypes>
    </filetype>
    <filetype>
        <description>odg</description>
        <mimetypes>
            <mimetype>application/vnd.oasis.opendocument.graphics</mimetype>
        </mimetypes>
    </filetype>
    <filetype>
        <description>odp</description>
        <mimetypes>
            <mimetype>application/vnd.oasis.opendocument.presentation</mimetype>
        </mimetypes>
    </filetype>
    <filetype>
        <description>ods</description>
        <mimetypes>
            <mimetype>application/vnd.oasis.opendocument.spreadsheet</mimetype>
        </mimetypes>
    </filetype>
    <filetype>
        <description>odc</description>
        <mimetypes>
            <mimetype>application/vnd.oasis.opendocument.chart</mimetype>
        </mimetypes>
    </filetype>
    <filetype>
        <description>odf</description>
        <mimetypes>
            <mimetype>application/vnd.oasis.opendocument.formula</mimetype>
        </mimetypes>
    </filetype>
    <filetype>
        <description>odb</description>
        <mimetypes>
            <mimetype>application/vnd.oasis.opendocument.database</mimetype>
        </mimetypes>
    </filetype>
    <filetype>
        <description>odi</description>
        <mimetypes>
            <mimetype>application/vnd.oasis.opendocument.image</mimetype>
        </mimetypes>
    </filetype>
    <filetype>
        <description>doc</description>
        <mimetypes>
            <mimetype>application/msword</mimetype>
        </mimetypes>
    </filetype>
    <filetype>
        <description>ppt</description>
        <mimetypes>
            <mimetype>application/vnd.ms-powerpoint</mimetype>
        </mimetypes>
    </filetype>
    <filetype>
        <description>ai</description>
        <mimetypes>
            <mimetype>application/postscript</mimetype>
        </mimetypes>
    </filetype>
    <filetype>
        <description>latex</description>
        <mimetypes>
            <mimetype>application/x-latex</mimetype>
        </mimetypes>
    </filetype>
    <filetype>
        <description>pdf</description>
        <mimetypes>
            <mimetype>application/pdf</mimetype>
        </mimetypes>
    </filetype>

    <!-- General types -->
    <filetype>
        <description>application</description>
        <mimetypes>
            <mimetype>application/octet-stream</mimetype>
        </mimetypes>
    </filetype>

    <!-- New types from moodle list -->
    <filetype>
        <description>aac</description>
        <mimetypes>
            <mimetype>audio/aac</mimetype>
        </mimetypes>
    </filetype>
    <filetype>
        <description>accdb</description>
        <mimetypes>
            <mimetype>application/msaccess</mimetype>
        </mimetypes>
    </filetype>
    <filetype>
        <description>cct</description>
        <mimetypes>
            <mimetype>shockwave/director</mimetype>
        </mimetypes>
    </filetype>
    <filetype>
        <description>cs</description>
        <mimetypes>
            <mimetype>application/x-csh</mimetype>
        </mimetypes>
    </filetype>
    <filetype>
        <description>css</description>
        <mimetypes>
            <mimetype>text/css</mimetype>
        </mimetypes>
    </filetype>
    <filetype>
        <description>csv</description>
        <mimetypes>
            <mimetype>text/csv</mimetype>
        </mimetypes>
    </filetype>
    <filetype>
        <description>dv</description>
        <mimetypes>
            <mimetype>video/x-dv</mimetype>
        </mimetypes>
    </filetype>
    <filetype>
        <description>docx</description>
        <mimetypes>
            <mimetype>application/vnd.openxmlformats-officedocument.wordprocessingml.document</mimetype>
        </mimetypes>
    </filetype>
    <filetype>
        <description>docm</description>
        <mimetypes>
            <mimetype>application/vnd.ms-word.document.macroEnabled.12</mimetype>
        </mimetypes>
    </filetype>
    <filetype>
        <description>dotx</description>
        <mimetypes>
            <mimetype>application/vnd.openxmlformats-officedocument.wordprocessingml.template</mimetype>
        </mimetypes>
    </filetype>
    <filetype>
        <description>dotm</description>
        <mimetypes>
            <mimetype>application/vnd.ms-word.template.macroEnabled.12</mimetype>
        </mimetypes>
    </filetype>
    <filetype>
        <description></description>
        <mimetypes>
            <mimetype>application/x-director</mimetype>
        </mimetypes>
    </filetype>
    <filetype>
        <description>epub</description>
        <mimetypes>
            <mimetype>application/epub+zip</mimetype>
        </mimetypes>
    </filetype>
    <filetype>
        <description>gallery</description>
        <mimetypes>
            <mimetype>application/x-smarttech-notebook</mimetype>
        </mimetypes>
    </filetype>
    <filetype>
        <description>hqx</description>
        <mimetypes>
            <mimetype>application/mac-binhex40</mimetype>
        </mimetypes>
    </filetype>
    <filetype>
        <description>htc</description>
        <mimetypes>
            <mimetype>text/x-component</mimetype>
        </mimetypes>
    </filetype>
    <filetype>
        <description>xhtml</description>
        <mimetypes>
            <mimetype>application/xhtml+xml</mimetype>
        </mimetypes>
    </filetype>
    <filetype>
        <description>ico</description>
        <mimetypes>
            <mimetype>image/vnd.microsoft.icon</mimetype>
        </mimetypes>
    </filetype>
    <filetype>
        <description>ics</description>
        <mimetypes>
            <mimetype>text/calendar</mimetype>
        </mimetypes>
    </filetype>
    <filetype>
        <description>isf</description>
        <mimetypes>
            <mimetype>application/inspiration</mimetype>
        </mimetypes>
    </filetype>
    <filetype>
        <description>ist</description>
        <mimetypes>
            <mimetype>application/inspiration.template</mimetype>
        </mimetypes>
    </filetype>
    <filetype>
        <description>jar</description>
        <mimetypes>
            <mimetype>application/java-archive</mimetype>
        </mimetypes>
    </filetype>
    <filetype>
        <description>jnlp</description>
        <mimetypes>
            <mimetype>application/x-java-jnlp-file</mimetype>
        </mimetypes>
    </filetype>
    <filetype>
        <description>mbz</description>
        <mimetypes>
            <mimetype>application/vnd.moodle.backup</mimetype>
        </mimetypes>
    </filetype>
    <filetype>
        <description>mdb</description>
        <mimetypes>
            <mimetype>application/x-msaccess</mimetype>
        </mimetypes>
    </filetype>
    <filetype>
        <description>mht</description>
        <mimetypes>
            <mimetype>message/rfc822</mimetype>
        </mimetypes>
    </filetype>
    <filetype>
        <description>mpr</description>
        <mimetypes>
            <mimetype>application/vnd.moodle.profiling</mimetype>
        </mimetypes>
    </filetype>
    <filetype>
        <description>otg</description>
        <mimetypes>
            <mimetype>application/vnd.oasis.opendocument.graphics-template</mimetype>
        </mimetypes>
    </filetype>
    <filetype>
        <description>otp</description>
        <mimetypes>
            <mimetype>application/vnd.oasis.opendocument.presentation-template</mimetype>
        </mimetypes>
    </filetype>
    <filetype>
        <description>ots</description>
        <mimetypes>
            <mimetype>application/vnd.oasis.opendocument.spreadsheet-template</mimetype>
        </mimetypes>
    </filetype>
    <filetype>
        <description>oga</description>
        <mimetypes>
            <mimetype>audio/ogg</mimetype>
        </mimetypes>
    </filetype>
    <filetype>
        <description>ogv</description>
        <mimetypes>
            <mimetype>video/ogg</mimetype>
        </mimetypes>
    </filetype>
    <filetype>
        <description>ogg</description>
        <mimetypes>
            <mimetype>audio/ogg</mimetype>
        </mimetypes>
    </filetype>
    <filetype>
        <description>pct</description>
        <mimetypes>
            <mimetype>image/pict</mimetype>
        </mimetypes>
    </filetype>
    <filetype>
        <description>pptx</description>
        <mimetypes>
            <mimetype>application/vnd.openxmlformats-officedocument.presentationml.presentation</mimetype>
        </mimetypes>
    </filetype>
    <filetype>
        <description>pptm</description>
        <mimetypes>
            <mimetype>application/vnd.ms-powerpoint.presentation.macroEnabled.12</mimetype>
        </mimetypes>
    </filetype>
    <filetype>
        <description>potx</description>
        <mimetypes>
            <mimetype>application/vnd.openxmlformats-officedocument.presentationml.template</mimetype>
        </mimetypes>
    </filetype>
    <filetype>
        <description>potm</description>
        <mimetypes>
            <mimetype>application/vnd.ms-powerpoint.template.macroEnabled.12</mimetype>
        </mimetypes>
    </filetype>
    <filetype>
        <description>ppam</description>
        <mimetypes>
            <mimetype>application/vnd.ms-powerpoint.addin.macroEnabled.12</mimetype>
        </mimetypes>
    </filetype>
    <filetype>
        <description>ppsx</description>
        <mimetypes>
            <mimetype>application/vnd.openxmlformats-officedocument.presentationml.slideshow</mimetype>
        </mimetypes>
    </filetype>
    <filetype>
        <description>ppsm</description>
        <mimetypes>
            <mimetype>application/vnd.ms-powerpoint.slideshow.macroEnabled.12</mimetype>
        </mimetypes>
    </filetype>
    <filetype>
        <description>ra</description>
        <mimetypes>
            <mimetype>audio/x-realaudio-plugin</mimetype>
        </mimetypes>
    </filetype>
    <filetype>
        <description>ram</description>
        <mimetypes>
            <mimetype>audio/x-pn-realaudio-plugin</mimetype>
        </mimetypes>
    </filetype>
    <filetype>
        <description>rmvb</description>
        <mimetypes>
            <mimetype>application/vnd.rn-realmedia-vbr</mimetype>
        </mimetypes>
    </filetype>
    <filetype>
        <description>rtx</description>
        <mimetypes>
            <mimetype>text/richtext</mimetype>
        </mimetypes>
    </filetype>
    <filetype>
        <description>sit</description>
        <mimetypes>
            <mimetype>application/x-stuffit</mimetype>
        </mimetypes>
    </filetype>
    <filetype>
        <description>smi</description>
        <mimetypes>
            <mimetype>application/smil</mimetype>
        </mimetypes>
    </filetype>
    <filetype>
        <description>svg</description>
        <mimetypes>
            <mimetype>image/svg+xml</mimetype>
        </mimetypes>
    </filetype>
    <filetype>
        <description>sxw</description>
        <mimetypes>
            <mimetype>application/vnd.sun.xml.writer</mimetype>
        </mimetypes>
    </filetype>
    <filetype>
        <description>stw</description>
        <mimetypes>
            <mimetype>application/vnd.sun.xml.writer.template</mimetype>
        </mimetypes>
    </filetype>
    <filetype>
        <description>sxc</description>
        <mimetypes>
            <mimetype>application/vnd.sun.xml.calc</mimetype>
        </mimetypes>
    </filetype>
    <filetype>
        <description>stc</description>
        <mimetypes>
            <mimetype>application/vnd.sun.xml.calc.template</mimetype>
        </mimetypes>
    </filetype>
    <filetype>
        <description>sxd</description>
        <mimetypes>
            <mimetype>application/vnd.sun.xml.draw</mimetype>
        </mimetypes>
    </filetype>
    <filetype>
        <description>std</description>
        <mimetypes>
            <mimetype>application/vnd.sun.xml.draw.template</mimetype>
        </mimetypes>
    </filetype>
    <filetype>
        <description>sxi</description>
        <mimetypes>
            <mimetype>application/vnd.sun.xml.impress</mimetype>
        </mimetypes>
    </filetype>
    <filetype>
        <description>sti</description>
        <mimetypes>
            <mimetype>application/vnd.sun.xml.impress.template</mimetype>
        </mimetypes>
    </filetype>
    <filetype>
        <description>sxg</description>
        <mimetypes>
            <mimetype>application/vnd.sun.xml.writer.global</mimetype>
        </mimetypes>
    </filetype>
    <filetype>
        <description>sxm</description>
        <mimetypes>
            <mimetype>application/vnd.sun.xml.math</mimetype>
        </mimetypes>
    </filetype>
    <filetype>
        <description>tif</description>
        <mimetypes>
            <mimetype>image/tiff</mimetype>
        </mimetypes>
    </filetype>
    <filetype>
        <description>tex</description>
        <mimetypes>
            <mimetype>application/x-tex</mimetype>
        </mimetypes>
    </filetype>
    <filetype>
        <description>texi</description>
        <mimetypes>
            <mimetype>application/x-texinfo</mimetype>
        </mimetypes>
    </filetype>
    <filetype>
        <description>tsv</description>
        <mimetypes>
            <mimetype>text/tab-separated-values</mimetype>
        </mimetypes>
    </filetype>
    <filetype>
        <description>webm</description>
        <mimetypes>
            <mimetype>video/webm</mimetype>
        </mimetypes>
    </filetype>
    <filetype>
        <description>xls</description>
        <mimetypes>
            <mimetype>application/vnd.ms-excel</mimetype>
        </mimetypes>
    </filetype>
    <filetype>
        <description>xlsx</description>
        <mimetypes>
            <mimetype>application/vnd.openxmlformats-officedocument.spreadsheetml.sheet</mimetype>
        </mimetypes>
    </filetype>
    <filetype>
        <description>xlsm</description>
        <mimetypes>
            <mimetype>application/vnd.ms-excel.sheet.macroEnabled.12</mimetype>
        </mimetypes>
    </filetype>
    <filetype>
        <description>xltx</description>
        <mimetypes>
            <mimetype>application/vnd.openxmlformats-officedocument.spreadsheetml.template</mimetype>
        </mimetypes>
    </filetype>
    <filetype>
        <description>xltm</description>
        <mimetypes>
            <mimetype>application/vnd.ms-excel.template.macroEnabled.12</mimetype>
        </mimetypes>
    </filetype>
    <filetype>
        <description>xlsb</description>
        <mimetypes>
            <mimetype>application/vnd.ms-excel.sheet.binary.macroEnabled.12</mimetype>
        </mimetypes>
    </filetype>
    <filetype>
        <description>xlam</description>
        <mimetypes>
            <mimetype>application/vnd.ms-excel.addin.macroEnabled.12</mimetype>
        </mimetypes>
    </filetype>
    <filetype>
        <description>xml</description>
        <mimetypes>
            <mimetype>application/xml</mimetype>
        </mimetypes>
    </filetype>
    <filetype>
        <description>3gp</description>
        <mimetypes>
            <mimetype>audio/3gpp</mimetype>
            <mimetype>video/3gpp</mimetype>
        </mimetypes>
    </filetype>

</filetypes>
